transaction_id,account_id,amount,currency,transaction_date,merchant,category,status
1,6179,1509.58,USD,2025-10-01,Paul-Price,Utilities,pending
2,5961,7963.3,USD,2026-04-07,Anderson and Sons,Shopping,failed
3,2215,3104.09,INR,2025-08-20,Meyers-Ortega,Food,completed
4,7041,8316.97,USD,2025-06-22,"Andrews, Collins and Harris",Entertainment,completed
5,9307,3844.83,USD,2026-01-25,"Stevens, Harris and Ritter",Utilities,failed
6,4084,3215.27,INR,2025-10-12,Summers PLC,Healthcare,completed
7,2013,4505.24,GBP,2026-03-01,Fox PLC,Entertainment,completed
8,9266,6461.27,USD,2026-03-29,Stevens-Johnston,Travel,failed
9,8172,9909.86,EUR,2026-02-02,Roberts Group,Shopping,pending
10,5634,3874.17,GBP,2025-09-03,"Kirby, Sparks and Myers",Entertainment,failed
11,1857,7892.27,GBP,2026-03-07,Perry and Sons,Food,pending
12,2548,5579.64,INR,2026-04-06,"Quinn, Ellis and Bartlett",Shopping,pending
13,3463,3333.63,EUR,2025-07-02,"Carroll, Long and Bautista",Shopping,pending
14,7421,1289.53,USD,2025-07-24,Hill Ltd,Shopping,failed
15,7171,6434.94,GBP,2025-11-16,Estrada-Jones,Travel,failed
16,9624,934.54,INR,2026-01-29,"Barrera, Kerr and Jenkins",Healthcare,pending
17,1298,3625.98,EUR,2026-02-11,"Martinez, Wood and Campos",Travel,pending
18,8967,1920.06,EUR,2025-11-03,Ortiz-Martin,Travel,completed
19,5846,8444.29,USD,2025-07-11,"Williams, Johnson and Fowler",Healthcare,failed
20,9626,377.48,GBP,2026-01-09,"Murray, Cooper and Ross",Healthcare,completed
21,7172,1542.54,EUR,2025-07-06,Johnson-King,Entertainment,failed
22,3712,7211.83,USD,2026-01-22,Murphy Ltd,Utilities,pending
23,4891,9695.89,GBP,2025-10-19,Murray-Miller,Entertainment,pending
24,4833,5340.12,GBP,2026-01-02,Reeves Group,Utilities,completed
25,7026,6783.07,INR,2025-06-15,Hoover-Skinner,Utilities,pending
26,7256,5029.07,INR,2025-06-27,Lawson and Sons,Travel,completed
27,3267,8730.02,USD,2025-08-14,Nichols Group,Entertainment,pending
28,7081,5545.41,USD,2025-06-26,Powers Inc,Entertainment,failed
29,3042,2850.64,EUR,2026-01-10,Hernandez-Howard,Shopping,pending
30,9410,1473.5,INR,2025-07-15,"Johnson, Leonard and Robinson",Food,completed
31,8391,8846.3,USD,2026-01-17,Copeland PLC,Utilities,completed
32,7495,5020.08,EUR,2025-12-26,"Moran, Prince and Myers",Utilities,completed
33,7142,2245.4,GBP,2025-08-19,Williams-Smith,Food,failed
34,6493,7913.81,EUR,2026-02-15,Wang-Mcfarland,Food,pending
35,8740,6960.72,EUR,2025-09-14,Gonzalez Inc,Entertainment,pending
36,8349,6153.49,USD,2025-10-02,Hays LLC,Food,pending
37,4533,8349.63,INR,2026-03-06,Frazier Inc,Food,pending
38,4893,3011.52,USD,2025-07-16,Robles Ltd,Travel,pending
39,8489,628.08,INR,2025-06-26,"Jackson, Perry and Rodriguez",Healthcare,failed
40,1269,6319.55,EUR,2025-08-27,Hart-Lopez,Entertainment,completed
41,5772,4292.39,GBP,2025-07-11,"Foster, Patterson and Hall",Travel,failed
42,7825,1873.15,USD,2025-06-02,Morris-Smith,Healthcare,pending
43,2108,9534.04,USD,2025-12-31,Smith-Lewis,Utilities,pending
44,1713,6356.71,GBP,2025-07-16,Barrett LLC,Shopping,failed
45,1266,3570.95,USD,2025-12-30,"Wood, Jones and Robinson",Shopping,completed
46,2698,7715.02,GBP,2025-08-17,"Porter, Mooney and Marquez",Travel,completed
47,6772,5460.14,EUR,2026-02-23,"Jackson, Haley and Greene",Entertainment,pending
48,8840,6317.36,EUR,2025-12-23,"Price, Middleton and Wise",Food,failed
49,8498,369.85,EUR,2025-06-12,Thompson-Gill,Food,completed
50,1686,3155.97,GBP,2026-01-14,Spence-Estrada,Healthcare,pending
51,9897,4734.0,USD,2025-05-18,Smith-Barr,Entertainment,completed
52,5687,3569.75,USD,2025-10-13,Dixon-Harmon,Entertainment,pending
53,5476,1244.76,GBP,2025-11-03,"Bush, Smith and Smith",Utilities,pending
54,8204,8946.38,INR,2026-02-10,Parker Ltd,Shopping,completed
55,9129,6920.69,GBP,2025-10-05,Harvey Inc,Healthcare,pending
56,2353,7270.82,USD,2025-06-14,Jimenez-Harris,Utilities,failed
57,3956,5454.75,GBP,2025-09-14,May and Sons,Food,completed
58,6372,6609.2,GBP,2026-04-15,"George, Bautista and Stevenson",Utilities,failed
59,7981,1666.46,INR,2025-08-27,Ramirez Ltd,Shopping,pending
60,1693,7268.15,GBP,2026-02-21,Meyer Group,Healthcare,pending
61,5498,6394.7,USD,2025-12-29,Christensen-Perez,Food,failed
62,7655,3633.12,EUR,2026-01-31,Cooper-Harris,Food,completed
63,8179,348.0,USD,2025-05-13,"Mcneil, Solis and Horton",Travel,failed
64,7001,3621.51,USD,2025-07-17,"Salas, Boyd and White",Healthcare,completed
65,8371,9488.24,GBP,2025-12-22,Brown Group,Utilities,completed
66,3255,5294.6,INR,2025-05-19,Williams and Sons,Shopping,failed
67,5566,2496.12,USD,2026-04-21,Martinez and Sons,Food,failed
68,4048,4990.44,INR,2025-12-08,"Guerra, Frederick and Young",Healthcare,completed
69,5288,7749.65,INR,2025-05-22,Hardy-Collins,Travel,failed
70,5678,6939.81,INR,2026-01-27,Sanchez and Sons,Travel,completed
71,3223,8528.26,INR,2025-12-13,Turner PLC,Travel,failed
72,8292,9972.62,GBP,2025-10-13,"Harris, Huffman and Olson",Entertainment,pending
73,2063,5499.98,GBP,2025-09-08,Gray-Ruiz,Shopping,completed
74,3852,7936.97,EUR,2025-10-03,"Lynch, Hamilton and Moore",Food,completed
75,3275,2367.37,INR,2026-02-24,Smith-James,Food,pending
76,7044,4674.06,EUR,2026-03-19,Blake LLC,Healthcare,completed
77,2077,3092.91,INR,2025-12-09,"Hernandez, Barber and Scott",Healthcare,pending
78,7708,8233.4,USD,2025-10-19,Chavez-Brooks,Travel,pending
79,2215,4499.75,GBP,2025-12-13,Jones-Taylor,Travel,failed
80,3981,7677.82,EUR,2025-10-21,Moore and Sons,Utilities,failed
81,1907,8313.91,EUR,2025-04-23,Hensley Ltd,Shopping,completed
82,3653,3226.61,EUR,2026-01-28,Henry-Frost,Shopping,failed
83,5653,8459.34,GBP,2026-04-22,Waller-Brooks,Travel,failed
84,5496,1251.71,GBP,2025-10-29,Davidson-Chapman,Healthcare,failed
85,2530,5025.74,EUR,2025-09-27,Riddle Inc,Healthcare,failed
86,3526,1712.01,GBP,2025-09-18,"Martin, Hines and Krueger",Healthcare,completed
87,1464,812.24,GBP,2026-02-15,"Bailey, Fletcher and Reid",Entertainment,completed
88,7825,6181.09,USD,2025-09-11,"Brown, Cruz and Coleman",Utilities,failed
89,9938,2896.72,GBP,2025-07-26,Woods LLC,Utilities,completed
90,7653,2974.35,USD,2025-12-23,"Rhodes, Terry and Brewer",Entertainment,completed
91,3589,4396.06,INR,2025-08-01,"Gibson, Becker and King",Utilities,completed
92,6573,6066.61,GBP,2025-12-11,"Lynn, Skinner and Smith",Entertainment,pending
93,6658,9753.74,EUR,2026-02-15,Newman Group,Shopping,failed
94,2739,3191.17,INR,2025-09-23,"Willis, Santana and Stone",Food,pending
95,8366,2479.2,USD,2025-07-04,Martin-Simmons,Food,pending
96,7293,8641.64,INR,2026-01-15,Mason-Ferguson,Travel,completed
97,6364,9337.52,GBP,2026-04-01,Willis-Gross,Travel,completed
98,9163,9959.69,INR,2026-02-08,"Booth, Rodriguez and Armstrong",Utilities,pending
99,9148,231.77,INR,2026-02-25,Olsen-Adams,Healthcare,pending
100,4944,2151.45,GBP,2025-07-12,"Sanders, Parker and Benitez",Food,completed
101,5609,4948.95,INR,2026-03-05,Smith-Jones,Shopping,failed
102,1133,8471.73,INR,2026-01-17,Warren-Pena,Travel,pending
103,6992,7638.57,GBP,2026-01-31,Jackson-Brooks,Food,pending
104,1838,5702.82,EUR,2026-01-20,Gonzalez and Sons,Shopping,failed
105,5728,735.33,INR,2025-11-03,Hayes and Sons,Healthcare,pending
106,2946,1286.64,USD,2025-07-03,Brown and Sons,Utilities,pending
107,6555,5578.32,GBP,2026-03-02,Green Group,Travel,completed
108,9341,4013.88,USD,2025-10-10,"Durham, Rodriguez and Fields",Food,completed
109,3245,7135.92,INR,2025-05-22,Miller-Martinez,Healthcare,pending
110,3440,6062.61,EUR,2025-05-16,Johnson-Young,Shopping,failed
111,6218,1625.03,GBP,2025-10-27,"Hodges, Smith and Adams",Healthcare,pending
112,9311,8282.9,INR,2025-04-24,"Aguilar, Huerta and Davis",Entertainment,failed
113,5911,4748.93,USD,2025-11-10,Bennett PLC,Shopping,pending
114,2795,9798.98,GBP,2026-02-11,Frederick-Kennedy,Entertainment,failed
115,1436,5969.1,GBP,2025-08-30,"Jordan, Wood and Wu",Entertainment,failed
116,4728,7214.0,INR,2025-08-22,Everett Ltd,Travel,failed
117,7229,1477.77,EUR,2025-09-23,Bishop-Hester,Food,failed
118,2800,1907.85,INR,2026-03-27,Drake-Smith,Shopping,pending
119,3481,4129.61,EUR,2026-03-26,"Morales, Houston and Buckley",Utilities,failed
120,8726,8728.18,USD,2025-05-01,"Martinez, Schmidt and Tapia",Entertainment,completed
121,9498,2073.42,GBP,2026-02-07,Richardson PLC,Entertainment,pending
122,9609,3768.25,EUR,2026-01-13,"Kane, Robertson and Keller",Utilities,failed
123,6608,5462.74,GBP,2025-04-23,"Rosario, Hess and Smith",Healthcare,pending
124,4150,9573.37,GBP,2025-09-08,Montes Ltd,Healthcare,pending
125,4684,9414.86,GBP,2025-08-26,"Wallace, Lawson and Ross",Shopping,failed
126,4396,6902.4,INR,2025-12-15,Bailey Group,Shopping,pending
127,6714,5604.88,GBP,2026-01-02,"Stein, Navarro and Carter",Shopping,completed
128,9899,3796.95,INR,2025-07-06,"Thomas, Meyer and Armstrong",Shopping,completed
129,5758,420.67,USD,2026-03-20,"Wagner, Anderson and Robles",Shopping,pending
130,5201,7473.39,EUR,2025-08-17,"Davies, Archer and Owens",Travel,failed
131,5442,9330.24,GBP,2026-04-05,Friedman-Olson,Travel,completed
132,4920,2424.59,EUR,2025-11-17,Sanchez and Sons,Entertainment,completed
133,1860,1001.99,GBP,2026-02-08,"Graves, Garcia and Holder",Entertainment,pending
134,2647,6811.92,EUR,2025-05-03,Hickman LLC,Food,failed
135,3587,4069.08,INR,2026-04-07,Miranda-Robinson,Utilities,failed
136,4267,7559.11,GBP,2025-07-31,"Alvarez, Merritt and Martinez",Shopping,pending
137,1969,9079.37,USD,2025-06-13,"Schultz, Vasquez and Pope",Entertainment,failed
138,4804,5351.53,USD,2025-08-29,Huynh PLC,Travel,pending
139,3880,9339.23,USD,2025-05-17,"Cooper, Kent and Paul",Utilities,pending
140,4052,9366.09,GBP,2026-01-28,Valdez-Glover,Food,completed
141,5888,5679.62,USD,2026-03-20,Stokes-Walker,Shopping,pending
142,8444,9890.99,INR,2025-06-05,Miller-Davis,Travel,failed
143,8668,2728.38,USD,2026-02-03,"Pineda, Garner and Wilson",Shopping,completed
144,8518,6482.86,EUR,2025-09-11,Castaneda Group,Food,failed
145,6523,7907.68,EUR,2025-12-02,"Smith, Brown and Nichols",Travel,failed
146,7643,8269.9,GBP,2026-03-16,Whitney-Flores,Food,pending
147,2562,1847.82,EUR,2025-09-10,"Peck, Martinez and Alvarado",Utilities,pending
148,5064,68.31,INR,2025-12-07,Rodriguez Inc,Travel,pending
149,5374,9540.35,GBP,2025-11-17,Stewart-Cabrera,Healthcare,failed
150,1187,2615.54,GBP,2025-08-15,Porter Group,Entertainment,completed
151,2017,6677.86,INR,2025-06-18,"Campbell, Burgess and Sweeney",Shopping,completed
152,7642,6860.74,GBP,2026-03-09,"Johnson, Flores and Shaw",Entertainment,completed
153,5833,3675.45,EUR,2026-01-14,Hill Ltd,Travel,completed
154,8834,1531.86,GBP,2025-11-30,Welch-Lewis,Utilities,failed
155,9998,9127.97,EUR,2025-08-13,"Levy, Brown and Patrick",Travel,failed
156,2341,5255.07,GBP,2025-06-20,"Clark, Oconnor and Cochran",Food,failed
157,2838,617.59,EUR,2026-01-19,"Williams, Grimes and White",Healthcare,failed
158,3455,1645.38,INR,2025-10-28,"Myers, Joyce and Hopkins",Food,failed
159,4365,7169.18,INR,2026-03-17,Ritter PLC,Food,failed
160,8298,8086.92,INR,2025-09-21,Henderson-Kennedy,Travel,failed
161,7806,4567.99,USD,2025-09-04,Myers-Rose,Healthcare,pending
162,6049,7232.8,INR,2025-08-09,Horton-Lee,Shopping,completed
163,4570,5783.12,USD,2026-03-20,"Long, Anderson and Goodwin",Utilities,pending
164,2044,5411.64,USD,2025-12-03,Horn Ltd,Food,pending
165,1519,2870.91,EUR,2025-08-18,Pena-Ray,Travel,failed
166,7887,3744.62,INR,2025-10-10,"Olson, Merritt and Clark",Utilities,pending
167,7154,802.51,EUR,2026-02-28,"Gonzalez, Curtis and Cox",Entertainment,pending
168,2943,1784.74,INR,2026-03-20,"Garcia, Floyd and Garrison",Healthcare,completed
169,4648,8348.22,USD,2025-09-15,Shelton-Jackson,Shopping,pending
170,9920,4241.29,INR,2025-05-13,Kelly Group,Travel,completed
171,8546,3461.6,GBP,2025-06-30,Wilson PLC,Travel,failed
172,2848,322.18,INR,2025-12-30,Watkins-Booker,Healthcare,completed
173,4943,2060.82,USD,2025-12-21,"Powell, Johnson and Allen",Healthcare,completed
174,8314,5977.85,USD,2025-10-28,Watts-Blevins,Travel,failed
175,1724,4022.66,EUR,2025-12-31,"Bennett, Holt and Pope",Healthcare,completed
176,1924,1401.36,GBP,2026-01-02,Strickland Ltd,Travel,failed
177,6224,5774.75,GBP,2025-09-17,Chen-Wallace,Travel,pending
178,3347,9856.96,EUR,2025-04-26,Wilson Inc,Utilities,pending
179,5508,609.59,EUR,2025-10-28,"Barnett, Hicks and Johnson",Entertainment,failed
180,7999,5558.51,USD,2025-11-30,"Mendoza, Benson and Davis",Shopping,failed
181,7244,7858.05,GBP,2025-12-08,Cruz Ltd,Entertainment,pending
182,7688,1492.18,INR,2026-01-19,Evans-Martinez,Travel,failed
183,8758,2409.69,EUR,2025-08-26,Reeves PLC,Shopping,failed
184,3365,8057.76,USD,2025-07-02,Hess-Smith,Healthcare,pending
185,7824,5572.87,EUR,2025-11-23,"Logan, Moreno and Brown",Utilities,completed
186,5177,2033.38,USD,2026-03-13,"Ryan, Fuentes and Pearson",Utilities,pending
187,2514,5356.36,EUR,2026-02-08,Sheppard Inc,Food,pending
188,7179,6736.72,USD,2025-07-01,"Neal, Smith and West",Food,completed
189,4555,4793.95,GBP,2025-08-22,Williams PLC,Shopping,completed
190,4470,9371.6,USD,2025-07-11,"Martin, Hart and York",Entertainment,pending
191,4974,6956.27,EUR,2025-05-05,Whitney PLC,Utilities,completed
192,6269,7755.14,INR,2025-08-15,Burch-Jackson,Utilities,failed
193,6886,3084.23,GBP,2026-01-02,Wright Inc,Healthcare,pending
194,8635,986.09,INR,2025-11-09,Hopkins-Wallace,Shopping,completed
195,7073,3129.23,USD,2025-12-02,Neal-Mills,Healthcare,completed
196,3390,162.21,INR,2025-09-05,"Medina, Clark and Garcia",Shopping,completed
197,4214,3298.66,INR,2026-03-06,Young and Sons,Healthcare,completed
198,9180,5506.43,GBP,2025-06-16,Chase-Lewis,Shopping,pending
199,9037,4608.3,GBP,2025-06-13,"Arnold, Vargas and Ramirez",Travel,completed
200,9954,4883.17,USD,2026-01-30,"Henderson, Pierce and Green",Healthcare,completed
201,2217,9451.88,USD,2025-12-30,Ross Inc,Food,pending
202,3252,8425.45,EUR,2025-07-29,"Coleman, Neal and Herrera",Food,failed
203,3474,91.42,INR,2025-05-19,"Oconnor, Cowan and Terry",Shopping,completed
204,8916,6592.85,USD,2025-07-05,"Watson, Sandoval and Hoover",Food,failed
205,7739,118.52,GBP,2025-12-12,Barnes and Sons,Healthcare,pending
206,1280,5022.17,INR,2025-08-22,Gray-Maynard,Travel,completed
207,2578,5243.86,EUR,2025-07-27,Nelson PLC,Travel,failed
208,9625,2524.19,GBP,2025-06-03,"Kelley, Jones and Bowman",Shopping,pending
209,2294,3730.52,INR,2025-09-09,Strickland-Thomas,Utilities,failed
210,4984,9902.33,EUR,2026-02-25,Hill Inc,Shopping,failed
211,2320,6537.36,USD,2025-09-15,Gray Inc,Food,pending
212,7213,3771.7,INR,2026-02-19,Thompson Ltd,Food,failed
213,1154,7028.45,USD,2026-03-28,Chapman-Roman,Utilities,pending
214,6427,5658.57,USD,2025-05-29,"Bailey, Armstrong and Campbell",Healthcare,completed
215,4764,2114.18,INR,2025-08-05,"Garcia, Williams and Stewart",Shopping,completed
216,2218,6844.29,GBP,2026-02-07,White-Shaffer,Healthcare,failed
217,1539,1793.55,GBP,2026-01-10,"Arnold, Macias and Powell",Food,completed
218,3362,7522.55,INR,2025-12-08,Green Ltd,Food,pending
219,3661,5639.59,INR,2025-11-07,"Moore, Martinez and Gray",Entertainment,failed
220,6435,3838.47,EUR,2026-02-01,Brown-Swanson,Entertainment,failed
221,2284,5007.93,GBP,2025-09-12,"Waters, Gregory and Barnes",Food,completed
222,8161,2321.45,USD,2025-10-16,Gonzales LLC,Shopping,failed
223,7499,9689.21,GBP,2026-02-26,Shaw-Hill,Food,failed
224,5478,7835.48,INR,2025-10-05,"David, Keith and Cervantes",Utilities,completed
225,6829,5530.38,INR,2025-08-18,"Hodge, Meza and Russell",Utilities,completed
226,7227,856.95,GBP,2025-08-21,Walters Inc,Travel,failed
227,2204,820.39,EUR,2026-01-30,Duffy and Sons,Utilities,failed
228,3527,7396.56,GBP,2025-12-01,Miller LLC,Shopping,completed
229,2499,51.96,GBP,2025-11-23,Stokes-Smith,Utilities,pending
230,5419,1022.32,USD,2025-10-03,"Romero, Cross and Castillo",Travel,pending
231,8353,5569.85,INR,2025-11-08,"Cuevas, Barron and Wolfe",Food,completed
232,2468,3539.15,USD,2025-09-26,Jensen Ltd,Healthcare,failed
233,6315,8637.18,USD,2025-04-24,"Coleman, Ferguson and Reed",Shopping,pending
234,7353,7791.69,EUR,2026-02-02,"Tapia, Morrow and Beard",Healthcare,failed
235,3778,6853.16,EUR,2025-11-13,"Lynch, Lawson and Oconnell",Travel,pending
236,5933,2684.08,EUR,2026-01-08,"Mckee, Thompson and Richardson",Food,completed
237,8121,2759.63,GBP,2025-06-12,"Gomez, Williams and Simpson",Utilities,completed
238,6916,2517.0,EUR,2025-06-27,Booker-Morgan,Entertainment,failed
239,9123,5938.07,EUR,2026-01-10,Decker Inc,Utilities,completed
240,3219,3046.59,INR,2025-08-12,Webb-Baker,Shopping,failed
241,7224,8040.77,GBP,2025-04-22,"Welch, Long and Leblanc",Utilities,pending
242,8055,8154.76,EUR,2026-04-17,"Robertson, Barry and Walls",Shopping,pending
243,4290,4790.1,EUR,2026-04-03,"Charles, Brown and Smith",Utilities,pending
244,5775,7348.75,INR,2025-10-17,Evans-Rodriguez,Healthcare,completed
245,6339,3760.56,INR,2025-09-04,"Lopez, Gomez and Garcia",Shopping,completed
246,4273,5922.27,EUR,2025-10-30,Miller PLC,Entertainment,failed
247,1440,9530.05,INR,2026-04-05,Jenkins Group,Entertainment,completed
248,8183,7976.86,USD,2025-04-24,Hammond LLC,Utilities,failed
249,9180,1391.8,GBP,2025-07-18,Foster-Evans,Travel,pending
250,3525,7152.37,INR,2025-10-05,Herrera LLC,Food,pending
251,8851,5822.44,INR,2025-06-03,Douglas-Gonzales,Healthcare,completed
252,6890,7016.35,USD,2025-06-15,Burgess-Smith,Food,completed
253,6816,1663.39,USD,2026-03-31,"Gonzalez, Lopez and Williams",Healthcare,failed
254,7547,9668.11,GBP,2025-09-22,Manning-Santana,Utilities,completed
255,1172,986.07,EUR,2025-06-23,"Gonzalez, Mendoza and Ortega",Healthcare,failed
256,9499,5579.94,EUR,2025-08-03,Fisher PLC,Utilities,pending
257,7408,4630.64,EUR,2025-10-31,"Klein, Nguyen and Duran",Shopping,completed
258,8909,1045.5,INR,2026-03-30,Shaw-Mclean,Food,completed
259,3321,3483.29,GBP,2026-03-15,Anderson-Rosario,Utilities,completed
260,9537,4829.27,INR,2026-02-23,Martinez LLC,Food,pending
261,8412,3189.1,GBP,2025-11-02,Saunders and Sons,Food,failed
262,2885,225.86,GBP,2025-05-12,"Gallegos, Jordan and Harper",Entertainment,completed
263,3692,9299.23,EUR,2025-04-25,Castillo-Campbell,Healthcare,completed
264,3623,3309.9,INR,2025-05-24,Wright-Hernandez,Utilities,completed
265,7636,6297.61,EUR,2025-11-06,Wright Inc,Entertainment,failed
266,8080,3955.83,EUR,2026-03-23,Gamble-Wright,Utilities,failed
267,8037,3888.36,EUR,2026-03-06,Gonzalez-Mccarthy,Travel,pending
268,2025,5773.48,EUR,2026-03-02,Haynes PLC,Shopping,pending
269,4228,4575.51,GBP,2025-12-15,Lopez PLC,Entertainment,pending
270,9646,9659.16,GBP,2025-12-22,"Hernandez, Martinez and Morales",Healthcare,pending
271,7431,5870.05,GBP,2025-08-06,Hickman Group,Shopping,pending
272,3826,8137.38,GBP,2025-04-28,"Gonzalez, Lin and James",Healthcare,failed
273,2388,6721.1,GBP,2025-11-11,Graves-Baird,Food,completed
274,6003,1169.5,GBP,2025-07-17,Simmons-Brown,Entertainment,completed
275,9369,3884.64,EUR,2025-10-04,"Williams, Rodriguez and Cox",Healthcare,pending
276,7931,1857.55,EUR,2025-09-05,"Barnes, Flores and Williams",Healthcare,completed
277,9022,2888.35,EUR,2025-05-07,Williams Ltd,Shopping,pending
278,1878,8655.22,USD,2025-08-24,Mitchell LLC,Utilities,completed
279,4196,8152.16,INR,2026-04-09,"Garcia, Lopez and Vaughan",Utilities,failed
280,9056,4156.31,INR,2025-09-10,Torres-Davis,Utilities,completed
281,2354,5653.98,EUR,2025-04-27,"Arnold, Atkins and Rivera",Shopping,completed
282,5503,2248.44,GBP,2026-02-03,Paul-Chapman,Travel,pending
283,9115,5497.27,USD,2025-12-12,Allen-Hill,Healthcare,completed
284,5389,7751.13,GBP,2025-12-04,Miller-Rodriguez,Healthcare,completed
285,8231,5463.54,INR,2025-12-22,"Guzman, Williams and Donaldson",Food,failed
286,5055,2977.1,USD,2026-03-31,"Roth, Lee and Griffin",Utilities,pending
287,6711,8622.0,USD,2025-05-30,Mcmahon PLC,Utilities,completed
288,4882,2098.79,GBP,2025-09-02,Swanson-Mayo,Entertainment,failed
289,8015,1659.82,EUR,2025-07-09,"Le, Williams and Lee",Travel,completed
290,1972,5700.75,GBP,2025-11-21,"King, Wiley and Castaneda",Healthcare,failed
291,3758,3236.54,GBP,2026-04-09,"Hester, Jacobson and West",Shopping,failed
292,5380,9523.97,USD,2026-01-25,Bartlett Inc,Travel,pending
293,1971,9924.86,EUR,2025-10-26,Mills-Farley,Entertainment,completed
294,5090,1462.44,GBP,2026-02-23,Jackson LLC,Travel,failed
295,7434,4894.59,GBP,2026-01-17,Roberts PLC,Entertainment,pending
296,7146,4519.92,USD,2025-05-15,"Lee, Olsen and Simpson",Utilities,failed
297,5558,6947.04,GBP,2025-11-14,"Mata, Martin and Christensen",Utilities,pending
298,6362,5819.56,USD,2025-09-18,"Chan, Morales and Nelson",Entertainment,pending
299,6869,8501.06,INR,2025-07-02,Moore and Sons,Travel,pending
300,4470,4947.15,GBP,2025-12-07,"Smith, Mcfarland and Hunt",Shopping,pending
301,9967,5779.34,INR,2025-11-03,"Le, Green and Phelps",Shopping,failed
302,1793,459.44,INR,2025-08-15,"Adams, Wilson and Walker",Food,completed
303,3588,4412.87,USD,2025-11-15,Carter Ltd,Utilities,completed
304,3161,8821.48,GBP,2025-06-18,Ho-Nelson,Travel,pending
305,2529,6545.88,GBP,2026-02-23,Day and Sons,Food,pending
306,3711,517.88,GBP,2026-03-07,Nichols Inc,Entertainment,failed
307,4836,4292.32,USD,2025-12-29,Chen-Compton,Entertainment,completed
308,1017,2134.22,USD,2025-08-26,Potts PLC,Travel,failed
309,4705,5194.45,INR,2025-08-02,"Anderson, Villanueva and Phillips",Food,completed
310,6629,8171.09,INR,2025-05-14,"Cabrera, Holloway and Robinson",Entertainment,completed
311,8826,708.29,INR,2025-08-08,Scott Inc,Food,failed
312,2678,1032.02,GBP,2025-11-16,"Irwin, Osborne and Deleon",Shopping,completed
313,7270,7734.61,EUR,2025-06-02,"Reese, Reyes and Valdez",Entertainment,failed
314,3340,684.13,USD,2026-03-25,"Walters, Pierce and Montoya",Healthcare,failed
315,3688,4401.0,EUR,2025-07-16,Adams-Perkins,Entertainment,failed
316,3480,9198.94,INR,2026-03-01,Moore-Hall,Travel,completed
317,2646,1400.14,USD,2026-01-29,Richardson-Barrera,Healthcare,failed
318,7291,3515.36,INR,2025-05-28,White-Lopez,Shopping,completed
319,5059,2769.68,USD,2026-03-22,Lopez Group,Travel,failed
320,5668,7789.7,USD,2026-01-30,Holland Inc,Entertainment,pending
321,4366,5177.5,EUR,2025-08-20,Mcclure Group,Entertainment,pending
322,5842,6461.7,EUR,2026-01-13,"Lopez, Thomas and Simmons",Utilities,pending
323,2847,2410.83,USD,2025-10-15,"Waller, Garcia and Rose",Healthcare,completed
324,6916,9339.24,EUR,2026-01-29,Morrison Group,Utilities,failed
325,7895,3654.13,EUR,2025-09-18,Rodriguez Inc,Utilities,completed
326,1273,5873.64,USD,2026-02-12,"Michael, Anderson and Carrillo",Shopping,completed
327,1652,9225.79,INR,2025-08-03,Mays PLC,Healthcare,pending
328,9209,7671.1,INR,2025-04-27,Rosario Inc,Entertainment,pending
329,2350,6405.38,EUR,2025-11-18,"Meyers, Farrell and Miller",Shopping,completed
330,6077,790.22,EUR,2025-06-15,Malone-Stafford,Travel,failed
331,6353,3907.32,USD,2026-03-04,Parker Group,Shopping,failed
332,8167,7299.59,EUR,2025-06-21,Brown Ltd,Food,completed
333,2412,9246.28,USD,2025-08-03,"Stephens, Smith and Williams",Utilities,failed
334,1901,3092.91,EUR,2025-11-19,Garcia-Tanner,Food,completed
335,3248,7015.0,EUR,2025-09-30,Smith and Sons,Utilities,pending
336,9568,5172.23,GBP,2025-05-01,Simmons and Sons,Travel,pending
337,3079,7497.77,GBP,2025-09-06,"Mitchell, Dorsey and Cohen",Entertainment,completed
338,1480,3350.12,INR,2026-01-13,"Carson, Rodriguez and Jackson",Shopping,failed
339,2046,2629.5,USD,2025-06-03,Garcia LLC,Utilities,pending
340,9368,3601.25,INR,2025-09-07,Gilbert Inc,Healthcare,completed
341,7024,1573.11,USD,2025-09-09,Huang PLC,Healthcare,failed
342,2889,2284.05,USD,2025-06-19,Patterson LLC,Food,completed
343,5006,459.82,GBP,2025-12-10,Shelton and Sons,Utilities,completed
344,3932,9311.6,USD,2026-04-03,"Mcdaniel, Weber and Mitchell",Healthcare,failed
345,7870,2245.16,EUR,2026-03-27,Nelson Group,Utilities,failed
346,6241,2712.59,USD,2026-01-03,Cantu-Cochran,Healthcare,pending
347,2956,5020.41,USD,2026-01-23,Mccormick and Sons,Travel,completed
348,9450,9814.14,INR,2026-02-18,"Thomas, Hernandez and Griffin",Food,pending
349,5625,7735.28,GBP,2026-02-25,Briggs-Wilson,Shopping,completed
350,8483,79.7,EUR,2025-10-05,"Ramirez, Davis and Cooley",Shopping,failed
351,5979,7395.76,EUR,2025-07-01,Gomez-Snyder,Utilities,pending
352,9083,9977.87,EUR,2025-10-25,"Dudley, Guzman and Fields",Entertainment,failed
353,5016,1505.67,INR,2025-06-14,"Dorsey, Reyes and Dunn",Food,completed
354,9872,3464.24,USD,2025-11-17,"Vasquez, Herrera and Hall",Shopping,completed
355,7164,8490.06,GBP,2025-05-24,"Espinoza, Rose and Frank",Food,completed
356,9680,9831.16,INR,2026-03-03,"Robinson, Miller and Ward",Utilities,completed
357,3332,7116.53,USD,2025-07-09,Cox Group,Food,completed
358,9515,4130.57,GBP,2025-06-12,Brown LLC,Utilities,failed
359,2391,5807.71,EUR,2025-09-09,Phillips and Sons,Entertainment,pending
360,2226,5918.96,USD,2026-03-12,"Bonilla, Durham and Sanchez",Utilities,failed
361,3141,2367.72,GBP,2026-03-09,Brown and Sons,Shopping,pending
362,6345,3180.58,GBP,2025-06-06,"Padilla, Bennett and Johnson",Travel,completed
363,4321,1361.13,USD,2025-10-03,Brown-Rodriguez,Travel,completed
364,3693,4495.67,GBP,2025-12-03,Woods PLC,Utilities,completed
365,9780,3582.88,EUR,2026-03-26,Johnson LLC,Utilities,pending
366,8591,2650.09,USD,2025-06-15,Sanchez Inc,Food,completed
367,5984,8263.87,USD,2025-11-29,Hernandez-White,Travel,pending
368,3430,912.14,EUR,2026-02-04,Adkins Ltd,Shopping,pending
369,9412,489.52,GBP,2025-08-16,Jenkins-Rogers,Shopping,completed
370,1509,9520.97,INR,2026-02-19,"Dominguez, Mitchell and Moore",Healthcare,failed
371,5093,947.26,USD,2026-03-30,"Johnson, Potter and Gordon",Travel,completed
372,1195,616.7,EUR,2025-04-26,Wall-Frazier,Travel,completed
373,7563,3722.4,USD,2026-03-28,Spencer-Gallegos,Healthcare,failed
374,5240,9174.29,USD,2026-04-13,"Shaw, Fletcher and Henderson",Food,completed
375,4239,9024.96,INR,2025-06-21,Dudley-Boyd,Travel,completed
376,6432,1225.29,INR,2025-06-09,"Lewis, Montgomery and Robinson",Food,completed
377,8096,8216.86,INR,2025-07-02,"Daugherty, Jacobs and Jones",Utilities,completed
378,7270,6832.13,EUR,2026-01-15,Woods-Delgado,Shopping,completed
379,4066,2749.82,INR,2025-09-26,Martin-Pratt,Travel,completed
380,5026,6472.79,INR,2025-12-29,Lee-Rodriguez,Utilities,failed
381,8848,609.8,GBP,2025-05-22,Morrison-Bradford,Utilities,completed
382,7868,1994.59,EUR,2025-05-02,Campbell PLC,Entertainment,failed
383,1319,9894.04,GBP,2025-06-02,Lewis Inc,Utilities,failed
384,8940,3440.35,GBP,2026-02-09,Lopez-Harris,Utilities,pending
385,3946,260.64,EUR,2026-04-17,Allen Inc,Food,pending
386,1959,8086.54,INR,2025-11-29,"Williams, Downs and Webb",Healthcare,pending
387,4813,9739.8,USD,2025-05-10,Davis-Parker,Travel,failed
388,4951,2665.28,USD,2025-09-07,Benjamin-Porter,Travel,failed
389,7363,3548.05,EUR,2025-08-22,Swanson-Dickson,Travel,completed
390,6210,8062.1,GBP,2026-01-19,"Davis, Russell and Figueroa",Healthcare,completed
391,6761,9475.59,EUR,2025-05-31,"Aguirre, Hernandez and Matthews",Healthcare,completed
392,9064,5421.25,EUR,2025-09-17,Willis-Christian,Utilities,completed
393,2478,561.69,EUR,2025-08-12,Hernandez Group,Food,failed
394,8831,6.84,EUR,2025-05-22,"Davis, Higgins and Wilkerson",Travel,pending
395,3907,9187.81,GBP,2026-03-01,"Pena, Mack and Martin",Food,completed
396,3420,5866.1,EUR,2025-11-02,"Gay, Franklin and Mills",Food,failed
397,6978,9605.59,GBP,2026-02-14,West-Anderson,Entertainment,failed
398,7481,5860.17,GBP,2025-08-12,Hanson-Bentley,Shopping,pending
399,3235,9758.61,INR,2025-05-07,"Schroeder, Hughes and Clark",Entertainment,pending
400,6198,1742.03,GBP,2025-12-15,"Jones, Hernandez and Burton",Travel,failed
401,3872,3783.85,GBP,2025-11-01,Ballard and Sons,Travel,completed
402,1029,9487.88,INR,2026-02-13,Payne-Novak,Healthcare,completed
403,3983,6023.89,EUR,2026-02-19,Porter Group,Entertainment,failed
404,2705,9366.88,EUR,2025-08-21,Villa and Sons,Shopping,failed
405,2274,2379.97,GBP,2025-05-18,Ray-Gomez,Travel,failed
406,2453,8216.62,GBP,2025-05-19,Page Group,Utilities,completed
407,5345,2096.85,USD,2025-07-31,Good-Hines,Shopping,pending
408,2770,7204.14,USD,2025-10-10,"Glass, Case and Bonilla",Utilities,pending
409,7875,9691.02,INR,2025-10-28,Cox LLC,Utilities,pending
410,6754,5460.24,USD,2025-09-24,Vincent-Stark,Utilities,failed
411,4695,1626.57,USD,2025-06-11,Richardson-Kirk,Food,pending
412,1328,3187.18,USD,2025-08-21,Miller-Gutierrez,Food,pending
413,3787,8879.31,EUR,2025-10-13,Rich-Esparza,Entertainment,completed
414,9962,9418.34,USD,2025-05-08,"Madden, Brown and Gibbs",Shopping,failed
415,8909,7045.05,INR,2026-01-18,"Smith, Farrell and Roberts",Entertainment,completed
416,8113,1571.05,USD,2025-06-22,"Ross, Jones and Price",Shopping,completed
417,4112,4092.8,GBP,2025-10-18,"Davis, Owens and Day",Entertainment,pending
418,5872,2375.49,USD,2026-04-06,Rodriguez-White,Utilities,failed
419,9043,1535.91,GBP,2025-06-03,Tate-Gonzalez,Food,pending
420,2435,2945.5,INR,2025-08-27,Stewart PLC,Travel,completed
421,1421,2069.54,GBP,2025-10-27,Park Group,Food,pending
422,2892,3083.54,INR,2025-06-05,Gibson-Gardner,Utilities,pending
423,5341,911.38,INR,2025-10-21,Bowman LLC,Travel,pending
424,7249,3694.02,INR,2025-11-28,Huerta Group,Food,pending
425,8204,4650.58,EUR,2025-05-16,Clarke-Irwin,Shopping,failed
426,2009,1511.32,USD,2025-07-13,Lewis Inc,Food,failed
427,6632,8081.8,INR,2026-02-10,"Henderson, King and Thompson",Healthcare,completed
428,1999,8407.97,INR,2025-06-16,Hill Inc,Healthcare,failed
429,8779,5727.15,EUR,2025-08-15,"Hayes, Barnes and Lewis",Utilities,pending
430,2293,3948.05,USD,2026-04-03,White-Brown,Healthcare,failed
431,9467,8004.51,EUR,2026-04-04,Peterson-Mullins,Food,pending
432,3832,9490.62,EUR,2025-06-24,Bailey Group,Travel,completed
433,3067,426.77,USD,2025-10-26,Nichols-Bowers,Entertainment,pending
434,4308,9972.69,EUR,2026-01-17,Gomez-Schwartz,Healthcare,pending
435,6238,9108.05,USD,2025-09-20,Hoffman PLC,Food,pending
436,7510,5520.55,GBP,2025-07-08,Sharp PLC,Healthcare,pending
437,1202,7865.51,INR,2025-12-17,Morris Ltd,Food,pending
438,3451,1482.01,USD,2026-02-04,"Quinn, Smith and Mosley",Food,failed
439,2654,7857.46,GBP,2026-04-19,Porter LLC,Utilities,pending
440,7275,6547.88,INR,2025-06-05,"Russell, Meyer and Smith",Food,completed
441,5512,4029.75,INR,2025-10-13,Walters Ltd,Food,pending
442,6431,6905.14,USD,2025-12-02,Johnson Ltd,Entertainment,pending
443,5400,8970.31,USD,2025-07-03,Horton-Schroeder,Shopping,pending
444,6094,2803.47,INR,2025-12-11,Robinson-Clark,Entertainment,failed
445,2609,9724.97,EUR,2025-07-05,"Ray, Smith and Cervantes",Travel,pending
446,8259,7740.31,GBP,2025-04-28,Mosley-Shaw,Shopping,failed
447,7828,6049.8,USD,2026-03-25,Lyons Ltd,Travel,pending
448,4463,9134.33,INR,2025-10-16,Jenkins-Bell,Entertainment,pending
449,9462,8671.89,USD,2025-11-18,Mills-Hubbard,Healthcare,completed
450,2075,3111.24,INR,2025-06-05,Ellis LLC,Travel,failed
451,1474,1737.38,EUR,2025-06-29,"Larson, Daniels and James",Food,completed
452,1541,4564.49,GBP,2026-03-16,"Barker, Kim and Campbell",Entertainment,completed
453,5488,3683.53,INR,2025-12-18,Cowan Inc,Healthcare,pending
454,3029,6811.75,EUR,2025-05-26,"Smith, Randolph and Garcia",Shopping,pending
455,8308,1775.85,INR,2026-02-07,"Ho, Garcia and Wallace",Healthcare,failed
456,6730,3442.5,GBP,2025-12-03,Contreras Group,Entertainment,failed
457,2480,2850.7,INR,2025-07-13,Frank PLC,Food,completed
458,4511,8571.11,EUR,2025-09-16,Gonzalez Group,Entertainment,completed
459,5408,6515.88,USD,2025-06-09,Ponce-Sloan,Entertainment,completed
460,8767,9115.16,EUR,2025-09-29,"Padilla, Figueroa and Smith",Healthcare,completed
461,4666,2523.91,GBP,2025-09-14,Romero LLC,Entertainment,failed
462,5511,4238.07,INR,2026-03-29,"Baker, Roberson and Pope",Shopping,pending
463,5128,2182.1,GBP,2025-09-30,"Allen, Mccullough and Perry",Entertainment,failed
464,7506,5844.88,USD,2025-04-28,Hernandez LLC,Healthcare,failed
465,7131,5614.58,GBP,2026-03-14,"Wilkins, Greene and Rogers",Shopping,failed
466,2771,4817.39,GBP,2025-11-30,Allen-Beltran,Shopping,failed
467,6327,8614.92,GBP,2025-07-05,"Newman, Poole and Solis",Entertainment,failed
468,5895,1883.61,EUR,2025-12-02,Anderson-Fields,Food,failed
469,7620,6605.31,EUR,2026-01-29,Powell LLC,Entertainment,completed
470,9148,9974.69,GBP,2025-11-08,Kim Inc,Utilities,pending
471,7361,7367.32,EUR,2026-01-22,Gordon Ltd,Shopping,failed
472,4643,6863.18,INR,2025-12-02,Cameron-Burton,Entertainment,pending
473,9311,3001.96,EUR,2025-08-01,"Moore, Morris and Davis",Entertainment,failed
474,3967,2937.85,INR,2025-05-01,Smith-Carrillo,Travel,failed
475,5237,7251.87,EUR,2025-06-20,Montgomery PLC,Entertainment,pending
476,2463,2222.54,EUR,2026-04-14,Armstrong Inc,Entertainment,pending
477,7889,7880.91,GBP,2026-02-04,"Anderson, Chavez and Welch",Shopping,pending
478,5817,4637.61,USD,2025-09-08,Allen and Sons,Utilities,completed
479,2166,4722.2,EUR,2025-08-15,Nichols and Sons,Healthcare,completed
480,7253,5298.39,INR,2026-01-29,Townsend-Hopkins,Food,completed
481,3250,9923.48,GBP,2025-08-06,Donovan Ltd,Utilities,failed
482,8496,1432.25,EUR,2025-04-30,"Mercer, Camacho and Rodriguez",Food,pending
483,6449,6310.33,EUR,2026-04-17,"Martinez, Thomas and Green",Shopping,failed
484,1950,47.14,GBP,2025-07-01,Jones LLC,Travel,completed
485,3595,4895.78,USD,2026-04-11,Myers Group,Travel,failed
486,8105,6334.88,INR,2026-02-24,Gutierrez Group,Utilities,pending
487,7280,46.7,EUR,2025-12-20,Clark Group,Entertainment,pending
488,1230,8920.07,EUR,2025-09-14,Schultz-Hayes,Food,failed
489,1067,6266.87,EUR,2025-06-23,Evans and Sons,Travel,failed
490,6641,3120.93,USD,2026-01-03,"Welch, Bond and Wilson",Utilities,failed
491,6015,1670.21,USD,2025-09-02,Webb-Mendez,Shopping,pending
492,8469,7278.32,GBP,2025-11-20,Moore Ltd,Utilities,failed
493,3192,3427.33,INR,2025-07-29,Lee Inc,Shopping,completed
494,3701,9480.84,INR,2025-11-16,Holmes and Sons,Food,completed
495,4675,7271.69,EUR,2025-07-15,Wilson-Robinson,Travel,failed
496,1359,5896.93,EUR,2025-08-27,Robinson Ltd,Food,pending
497,1612,3751.93,GBP,2026-01-15,Adams Group,Healthcare,failed
498,1796,5939.24,USD,2025-07-08,Bailey PLC,Entertainment,completed
499,1323,482.36,USD,2025-12-31,Owens-Lamb,Utilities,pending
500,7230,1235.96,GBP,2025-10-08,"Potts, Nielsen and Wright",Utilities,failed
